<step title="Incoming Request" date="2025-05-28T22:05:06.821" instance="18f5fe" url="/api/zipdeploy?isAsync=true&amp;deployer=GITHUB_ZIP_DEPLOY&amp;message=%7B%22type%22%3A%22deployment%22%2C%22sha%22%3A%22a0c3d0b9787f87f55726b548b175849b7f9bc717%22%2C%22repoName%22%3A%22i-2-ai%2Ftodo_api%22%2C%22actor%22%3A%22amitrangra%22%2C%22slotName%22%3A%22production%22%2C%22commitMessage%22%3A%22Fix%3A%20Add%20project%20root%20to%20PYTHONPATH%20in%20tests%22%7D" method="POST" type="request" pid="767,1,49" Host="todo-api-1-cab5djhbevacahdm.scm.westeurope-01.azurewebsites.net" User-Agent="GITHUBACTIONS_DeployWebAppToAzure_3fb63711bfe724ea0631081b5196d487de828498e2a9854f537431e62c663c9b" Authorization="Bas..." Content-Type="application/octet-stream" Cookie="ARRAffinity=18f5fe34c27a8358d17492d51371b863eb41734e8888bcac751f483a00bf41f1;Path=/;HttpOnly;Secure;Domain=todo-api-1-cab5djhbevacahdm.scm.westeurope-01.azurewebsites.net; ARRAffinitySameSite=18f5fe34c27a8358d17492d51371b863eb41734e8888bcac751f483a00bf41f1;Path=/;HttpOnly;SameSite=None;Secure;Domain=todo-api-1-cab5djhbevacahdm.scm.westeurope-01.azurewebsites.net" Transfer-Encoding="chunked" X-ARR-LOG-ID="79a7e24e-d0ac-44d9-aa1c-a08f83efc368" CLIENT-IP="172.172.175.112:5376" X-SITE-DEPLOYMENT-ID="todo-api-1" WAS-DEFAULT-HOSTNAME="todo-api-1-cab5djhbevacahdm.scm.westeurope-01.azurewebsites.net" X-Forwarded-Proto="https" X-AppService-Proto="https" X-Forwarded-TlsVersion="1.3" X-WAWS-Unencoded-URL="/api/zipdeploy?isAsync=true&amp;deployer=GITHUB_ZIP_DEPLOY&amp;message=%7B%22type%22%3A%22deployment%22%2C%22sha%22%3A%22a0c3d0b9787f87f55726b548b175849b7f9bc717%22%2C%22repoName%22%3A%22i-2-ai%2Ftodo_api%22%2C%22actor%22%3A%22amitrangra%22%2C%22slotName%22%3A%22production%22%2C%22commitMessage%22%3A%22Fix%3A%20Add%20project%20root%20to%20PYTHONPATH%20in%20tests%22%7D" X-Client-IP="172.172.175.112" X-Client-Port="5376" >
  <step title="ZipPushDeploy" date="2025-05-28T22:05:06.875" >
    <step title="ZipDeploy. Extract zip." date="2025-05-28T22:05:06.890" /><!-- duration: 2ms -->
    <step title="None repository commit" date="2025-05-28T22:05:06.908" >
      <step title="Commit id: 6a5c0950-4050-4dd6-8feb-882d376c142c" date="2025-05-28T22:05:06.912" Message="N/A" AuthorName="N/A" AuthorEmail="N/A" /><!-- duration: 2ms -->
    </step><!-- duration: 7ms -->
    <step title="Starting PushDeployAsync" date="2025-05-28T22:05:06.917" /><!-- duration: 4ms -->
    <step title="Error occurred" date="2025-05-28T22:05:07.008" type="error" text="Error removing symlink: Path doesn&apos;t exist!" stackTrace="   at Mono.Unix.UnixFileSystemInfo.AssertValid()
   at Mono.Unix.UnixFileSystemInfo.get_FileType()
   at Kudu.Services.Deployment.PushDeploymentController.PushDeployAsync(ArtifactDeploymentInfo deploymentInfo, Boolean isAsync, HttpContext context, JObject requestJson) in /tmp/KuduLite/Kudu.Services/Deployment/PushDeploymentController.cs:line 740" /><!-- duration: 3ms -->
    <step title="Writing artifact to /tmp/zipdeploy/a072e07d-ec25-4bf3-817c-a3b6a9201233.zip" date="2025-05-28T22:05:07.016" >
      <step title="Writing multipart request body to /tmp/zipdeploy/a072e07d-ec25-4bf3-817c-a3b6a9201233.zip" date="2025-05-28T22:05:07.022" /><!-- duration: 2ms -->
    </step><!-- duration: 27ms -->
    <step title="Start deployment in the background" date="2025-05-28T22:05:07.062" >
      <step title="Acquiring Deployment Lock" date="2025-05-28T22:05:07.074" /><!-- duration: 2ms -->
      <step title="Acquired Deployment Lock" date="2025-05-28T22:05:07.106" /><!-- duration: 2ms -->
    </step><!-- duration: 114ms -->
  </step><!-- duration: 305ms -->
  <step title="Outgoing response" date="2025-05-28T22:05:07.185" type="response" statusCode="202" statusText="Accepted" /><!-- duration: 2ms -->
</step><!-- duration: 367ms -->
