<step title="BackgroundTrace" date="2025-05-28T22:05:07.065" instance="18f5fe" url="/api/zipdeploy" method="POST" >
  <step title="Creating temporary deployment - FetchDeploymentManager" date="2025-05-28T22:05:07.110" /><!-- duration: 2ms -->
  <step title="Creating temporary deployment" date="2025-05-28T22:05:07.113" /><!-- duration: 60ms -->
  <step title="Performing fetch based deployment" date="2025-05-28T22:05:07.211" >
    <step title="Cleaning up temp folders from previous zip deployments and extracting pushed zip file /tmp/zipdeploy/a072e07d-ec25-4bf3-817c-a3b6a9201233.zip (0.04 MB) to /tmp/zipdeploy/extracted" date="2025-05-28T22:05:08.347" >
      <step title="ChmodRecursive Process exited with total time taken in ms: 73" date="2025-05-28T22:05:08.466" /><!-- duration: 2ms -->
    </step><!-- duration: 123ms -->
    <step title="Deployment timer started" date="2025-05-28T22:05:10.478" >
      <step title="DeploymentManager.Deploy(id:6a5c0950-4050-4dd6-8feb-882d376c142c)" date="2025-05-28T22:05:10.490" >
        <step title="Collecting changeset information" date="2025-05-28T22:05:10.506" /><!-- duration: 82ms -->
        <step title="Updating submodules" date="2025-05-28T22:05:10.591" /><!-- duration: 1080ms -->
        <step title="Determining deployment builder" date="2025-05-28T22:05:11.831" >
          <step title="Builder is BasicBuilder" date="2025-05-28T22:05:11.838" /><!-- duration: 2ms -->
        </step><!-- duration: 12ms -->
        <step title="PreDeployment: context.CleanOutputPath False" date="2025-05-28T22:05:11.873" >
          <step title="PreDeployment: context.OutputPath /home/site/wwwroot" date="2025-05-28T22:05:11.947" >
            <step title="Building" date="2025-05-28T22:05:12.054" >
              <step title="Executing external process" date="2025-05-28T22:05:12.254" type="process" path="starter.sh" arguments="/opt/Kudu/Scripts/parallel_rsync.sh /tmp/zipdeploy/extracted /home/site/wwwroot 8 /tmp/ False True  " /><!-- duration: 2209ms -->
              <step title="Triggering recycle (preview mode disabled)." date="2025-05-28T22:05:14.664" /><!-- duration: 2ms -->
              <step title="Modified file to trigger a restart of the app container." date="2025-05-28T22:05:14.688" /><!-- duration: 2ms -->
              <step title="Skip function trigger and logicapp sync because function is not enabled." date="2025-05-28T22:05:14.693" /><!-- duration: 4ms -->
            </step><!-- duration: 3160ms -->
          </step><!-- duration: 3286ms -->
          <step title="Cleaning up temp files" date="2025-05-28T22:05:15.236" /><!-- duration: 4ms -->
          <step title="Cleaning up temp files" date="2025-05-28T22:05:15.246" /><!-- duration: 540ms -->
          <step title="Reloading status file with latest updates" date="2025-05-28T22:05:15.819" >
            <step title="WebHooksManager.PublishEventAsync: PostDeployment" date="2025-05-28T22:05:15.821" /><!-- duration: 31ms -->
          </step><!-- duration: 36ms -->
          <step title="Cleaning up temporary deployment - fetch deployment was successful" date="2025-05-28T22:05:15.859" /><!-- duration: 2ms -->
        </step><!-- duration: 4058ms -->
      </step><!-- duration: 5454ms -->
